timestamp,comment-id,author-id,agrees,disagrees,moderated,comment-body
1503019424966,45,3,2,0,0,El PdR está suicidado y tiene que resucitar antes que nada para poder seguir.
1503019384080,44,3,3,0,0,El PdR se tiene que manifestar en contra del voto electrónico que le quita poder al ciudadano.
1503019289224,43,3,1,0,0,¿Existe el PdR todavía?
1503019276998,42,3,1,0,0,¿Queremos obtener poder para que el PdR se pueda llevar acabo?
1498944526149,38,18,11,0,1,Los nodos deben informar sobre sus actividades periódicamente
1498944990302,41,18,6,2,1,Información emitida por cada nodo sera compartida por las vías oficiales del PDR siempre y cuando estas respeten los intereses del colectivo
1498944786081,40,7,9,0,1,"Es importante expresarse como ""par"" y tratar de evitar invocar una entidad colectiva ""PDR"" cuando nos expresamos en medios de comunicación"
1498944655913,39,7,6,2,1,"El PDR es más que una suma de votos en una plataforma, se trata de una mirada del mundo respecto cómo hacer política hacia uno y con otros"
1498944490386,37,7,5,6,1,El PDR debe tomar los proyectos propios del espacio y los de la ciudadanía en el mismo nivel de jerarquías
1498935752833,36,15,9,2,1,"Aunque los nodos sean autónomos, deberían, tal vez semanalmente, resumir sus actividades a todos los pares"
1498873832228,35,0,8,1,1,"Yo pienso que todos los que se presenten como ""Candidatos PdR"" deberían por lo menos no estar afiliado a otro partido."
1498835955664,34,0,2,5,1,"Hasta que el PDR no tenga candidato propio es mejor que siga su propuesta original
y que no colabore con ninguna campaña de otros espacios."
1498835949011,33,0,2,7,1,Lo mejor que el PDR puede hacer es colaborar con la campaña de Vamos Juntos para que un par sea candidato en ese espacio.
1498835930987,32,0,5,4,1,El PDR debería colaborar en la campaña de Ahora Buenos Aires ubicando un par en ese espacio para que se convierta en candidato.
1498835836826,31,7,1,0,-1,El PDR debería colaborar en la campaña de Ahora Buenos Aires ubicando un par en ese espacio para que se convierta en candidato
1498835810485,30,7,1,0,-1,Lo mejor que el PDR puede hacer es colaborar con la campaña de Vamos Juntos para que un par sea candidato en ese espacio
1498835775006,29,7,1,0,-1,Hasta que el PDR no tenga candidato propio es mejor que siga su propuesta original y no colabore con ninguna campaña de otros espacios
1498798524519,28,0,0,0,-1,Hasta que el PdR no tenga candidato propio como en su propuesta original es mejor que se abstenga de participar elecciones.
1498798449223,27,0,0,0,-1,Lo mejor que puede hacer el PDR es colaborar con una fuerza como la de Vamos Juntos.
1498798439841,26,0,0,0,-1,Lo mejor que puede hacer el PDR es colaborar con una fuerza como la de Ahora Buenos Aires.
1498794969922,25,0,0,0,-1,Prueba seed
1498768545204,18,7,1,0,-1,Determinar diferentes niveles de delegación para tomar decisiones y diferenciar los distintos contextos de trabajo e impactos
1498782234659,24,7,1,1,-1,Lo mejor que puede hacer el PDR en estas elecciones es colaborar con Vamos Juntos
1498782215374,23,7,2,0,-1,Lo mejor que puede hacer el PDR es colaborar con una fuerza como la de Ahora Buenos Aires
1498782186605,22,7,1,1,-1,Hasta que el PDR no tenga candidato propio como en su propuesta original es mejor que se abstenga de participar elecciones.
1498782133256,21,7,1,1,-1,Hasta que el PDR no pueda presentar un candidato propio mejora abstenerse a participar en elecciones
1498768712732,20,7,2,0,-1,Debemos explicitar de forma clara cómo funciona el algoritmo de polis y ser transparentes al respecto.
1498768606377,19,7,2,0,-1,Ni el voto ni el consenso son las únicas formas de tomar decisiones. Debemos diferenciar instancias y saber cuándo aplicar y explorar otras
1498768461138,17,7,2,0,-1,"Debemos formarnos en cómo hablar y argumentar para poder ""persuadir y ser persuadidos"" con amoricidad tal como menciona el manifiesto."
1498533966205,5,2,8,1,1,Impulsar proyectos con carga técnica e ideológica es necesario para hacer avanzar la democracia.
1498693150185,16,0,1,0,-1,PruebaPruebaPruebaPruebaPruebaPruebaPruebaPruebaPruebaPruebaPruebaPruebaPruebaPruebaPruebaPruebaPruebaPrueba
1498693142105,15,0,1,0,-1,PruebaPruebaPruebaPruebaPruebaPruebaPrueba
1498693139296,14,0,1,0,-1,PruebaPruebaPruebaPruebaPruebaPruebaPruebaPruebaPrueba
1498693136098,13,0,1,0,-1,PruebaPruebaPruebaPruebaPruebaPruebaPruebaPruebaPruebaPruebaPruebaPrueba
1498693121078,12,0,1,0,-1,PruebaPruebaPrueba
1498692973456,10,0,0,0,-1,PruebaPrueba
1498692975638,11,0,0,0,-1,PruebaPruebaPruebaPruebaPrueba
1498692958971,7,0,0,0,-1,"
Prueba"
1498692971269,9,0,0,0,-1,asdasd
1498692960771,8,0,0,0,-1,Prueba
1498687894843,6,2,2,0,-1,Existe una vieja política ante la cuál el PdR sería la nueva?
1498491410781,2,2,4,0,-1,"Creo que deberían haber mas instancias presenciales, la comunicación a través del grupo de Facebook no es el medio mas eficiente"
1498491488087,3,2,4,5,1,Los nodos deberían tener total autonomía
1498505150483,4,3,4,0,-1,Organizar cursos para explicar a la ciudadanía cómo y porqué usar la tecnología en la política y los beneficios de la participación directa.
1498487748237,1,0,9,1,1,Yo creo que cualquier persona que quiera presentarse como legislador PdR debe abrir su proceso de construcción al partido.
1498483391971,0,0,12,1,1,Deberíamos tener una comunicación clara y consensuada sobre las distintas posiciones que contiene el colectivo
